                  epoch,         train/box_loss,         train/seg_loss,         train/obj_loss,         train/cls_loss,   metrics/precision(B),      metrics/recall(B),     metrics/mAP_0.5(B),metrics/mAP_0.5:0.95(B),   metrics/precision(M),      metrics/recall(M),     metrics/mAP_0.5(M),metrics/mAP_0.5:0.95(M),           val/box_loss,           val/seg_loss,           val/obj_loss,           val/cls_loss,                  x/lr0,                  x/lr1,                  x/lr2
                      0,                0.12581,                0.11182,               0.032973,                      0,              0.0048436,                0.29284,              0.0056322,              0.0015259,              0.0062475,                0.37772,               0.008617,              0.0031999,                0.11039,               0.063922,               0.040848,                      0,               0.067131,             0.00033201,             0.00033201
                      1,               0.096405,               0.054723,               0.039655,                      0,                0.48678,                0.30008,                0.27804,               0.081467,                0.57337,                 0.3564,                0.36528,                0.19917,               0.077828,               0.041775,               0.047399,                      0,               0.034129,             0.00066314,             0.00066314
                      2,               0.076749,                0.04476,               0.038556,                      0,                0.56239,                0.38875,                0.40178,                0.15835,                0.59295,                0.39786,                0.41911,                0.22344,               0.065248,               0.038127,               0.043341,                      0,              0.0011249,             0.00099208,             0.00099208
